primer,sequence,notes
v5-fw,GGCTACCGTCTCAGGAGcagccgagccacatcgctca,"fw primer for all 5'flanking spike sequence, and fw primer for tile 1"
v3-rv,GGCTACCGTCTCAATGGagatcggaagagcgtcgtgtagggaaagag,"rv primer for all 3'flanking spike sequence, and rv primer for tile 17"
f1-rv,GGCTACCGTCTCAGGTTGTCAAACCTCTTGGTGCC,tile 1 reverse
f1v3-fw,GGCTACCGTCTCAAACCCTGTGCTGCCATTCAATG,tile 1 3'flanking spike Fw
f2v5-rv,GGCTACCGTCTCAACCAGGTCACATTGCTGAAGAATGG,tile 2 5'flanking spike rv
f2-fw,GGCTACCGTCTCATGGTTCCATGCCATCTCTGGC,tile 2 fw
f2-rv,GGCTACCGTCTCAGCTCTCAGACTCCATCCAGGACTT,tile 2 rv
f2v3-fw,GGCTACCGTCTCAGAGCGGCGTCTACTCCTCTG,tile 2 3'flanking spike Fw
f3v5-rv,gtagcccgtctcaCAGGAATGGGTCATTACAGAACTGGAAC,tile 3 5'flanking spike rv
f3-fw,GGCTACCGTCTCACCTGGACGTCTACCACAAGAACAAC,tile 3 fw
f3-rv,GGCTACCGTCTCACCAATTGGCAGGTCCACCAG,tile 3 rv
f3v3-fw,GGCTACCGTCTCATTGGCATCAACATCACCAGGTTCC,tile 3 3'flanking spike Fw
f4v5-rv,gtagcccgtctcaAGCCCTGTGGGAAGTCCC,tile 4 5'flanking spike rv
f4-fw,GGCTACCGTCTCAGGCTTCTCTGCCTTGGAACCA,tile 4 fw
f4-rv,GGCTACCGTCTCACACTGTGAAGGATTTCAGGGTACACTT,tile 4 rv
f4v3-fw,GGCTACCGTCTCAAGTGGAGAAGGGCATCTACCAGAC,tile 4 3'flanking spike Fw
f5v5-rv,GGCTACCGTCTCACAGGGCACAGTCCACAGCATC,tile 5 5'flanking spike rv
f5-fw,GGCTACCGTCTCACCTGGACCCACTGTCTGAGACC,tile 5 fw
f5-rv,GGCTACCGTCTCAACTCCATAACACTTGAAGGCGAAGAAGGG,tile 5 rv
f5v3-fw,GGCTACCGTCTCAGAGTGAGCCCAACCAAACTGAATGAC,tile 5 3'flanking spike Fw
f6v5-rv,GGCTACCGTCTCAAGTCAGCCACACAGTTGCTAATCC,tile 6 5'flanking spike rv
f6-fw,GGCTACCGTCTCAGACTACTCTGTGCTCTACAACTTCGCC,tile 6 fw
f6-rv,GGCTACCGTCTCATCTGTACCAGTAGTCGTAGTTGCC,tile 6 rv
f6v3-fw,GGCTACCGTCTCACAGAAGCCTGAGGAAGAGCAAGC,tile 6 3'flanking spike Fw
f7v5-rv,GGCTACCGTCTCACAGCTTGTTGCTGTTCCAGGCAAT,tile 7 5'flanking spike rv
f7-fw,GGCTACCGTCTCAGCTGGACAGCAAGCACAGC,tile 7 fw
f7-rv,GGCTACCGTCTCAGTGCTCTTCTTTGGTCCACACAC,tile 7 rv
f7v3-fw,GGCTACCGTCTCAGCACCAACCTGGTGAAGAACAAG,tile 7 3'flanking spike Fw
f8v5-rv,GGCTACCGTCTCAGCAGTTCAAAGGACAGCACCAC,tile 8 5'flanking spike rv
f8-fw,GGCTACCGTCTCACTGCTCCATGCCCCTGCC,tile 8 fw
f8-rv,GGCTACCGTCTCAGTTGCTGGTGTTGGTGCCAGG,tile 8 rv
f8v3-fw,GGCTACCGTCTCACAACCAGGTGGCTGTGCTCTA,tile 8 3'flanking spike Fw
f9v5-rv,GGCTACCGTCTCAAGGAACATGGTGTGATGTCCAGAATC,tile 9 5'flanking spike rv
f9-fw,GGCTACCGTCTCATCCTTTGGAGGAGTGTCTGTGATTACA,tile 9 fw
f9-rv,GGCTACCGTCTCAGCTCTTGGTCTGGGTCTGGTA,tile 9 rv
f9v3-fw,GGCTACCGTCTCAGAGCAGGAGGAGGGCAAGG,tile 9 3'flanking spike Fw
f10v5-rv,GGCTACCGTCTCACTGCTCCAATTGGGATGTCACACTC,tile 10 5'flanking spike rv
f10-fw,GGCTACCGTCTCAGCAGGCATCTGTGCCTCC,tile 10 fw
f10-rv,GGCTACCGTCTCAGCCATATTGGAGCAGCAGGTT,tile 10 rv
f10v3-fw,GGCTACCGTCTCATGGCTCCTTCTGTACCCAACTTAAG,tile 10 3'flanking spike Fw
f11v5-rv,GGCTACCGTCTCACACAGATATACATTGTACAGTCCACAGAGG,tile 11 5'flanking spike rv
f11-fw,GGCTACCGTCTCATGTGGAGACAGCACAGAGTGTAGC,tile 11 fw
f11-rv,GGCTACCGTCTCAGCCAGCATCAGCCAGGGT,tile 11 rv
f11v3-fw,GGCTACCGTCTCATGGCTTCATCAAGCAATATGGAGACTG,tile 11 3'flanking spike Fw
f12v5-rv,GGCTACCGTCTCATCCTCAATGAAGGACCTCTTGCTTGG,tile 12 5'flanking spike rv
f12-fw,GGCTACCGTCTCAAGGACCTGCTGTTCAACAAGGTG,tile 12 fw
f12-rv,GGCTACCGTCTCATGCCATTGAACCTGTAAGCCATCTG,tile 12 rv
f12v3-fw,GGCTACCGTCTCAGGCATTGGAGTGACCCAGAATG,tile 12 3'flanking spike Fw
f13v5-rv,GGCTACCGTCTCAGCTGCTCCTGCTCCAAAGG,tile 13 5'flanking spike rv
f13-fw,GGCTACCGTCTCACAGCCCTCCAAATCCCATTTGCTATG,tile 13 fw
f13-rv,GGCTACCGTCTCACAGGATGTCATTCAGCACAGAGGAGAT,tile 13 rv
f13v3-fw,GGCTACCGTCTCACCTGAGCAGACTGGACAAGGTG,tile 13 3'flanking spike Fw
f14v5-rv,GGCTACCGTCTCAGTTGCTTCACCAGGGTGTTCAG,tile 14 5'flanking spike rv
f14-fw,GGCTACCGTCTCACAACTTTCCAGCAAGTTTGGAGCC,tile 14 fw
f14-rv,GGCTACCGTCTCATCAGGTGGTAGCCCTTGCC,tile 14 rv
f14v3-fw,GGCTACCGTCTCACTGATGAGTTTTCCACAGTCTGCCC,tile 14 3'flanking spike Fw
f15v5-rv,GGCTACCGTCTCACTTTGTCCCAGCACACACTCACTC,tile 15 5'flanking spike rv
f15-fw,GGCTACCGTCTCAAAAGCAAGAGGGTGGACTTCTGT,tile 15 fw
f15-rv,GGCTACCGTCTCAAGTTGCCAGACACAAAGGTGTTGTC,tile 15 rv
f15v3-fw,GGCTACCGTCTCAAACTGTGATGTGGTGATTGGCATTG,tile 15 3'flanking spike Fw
f16v5-rv,GGCTACCGTCTCAGTTCCTCTGGGTCAGAAACCAGTG,tile 16 5'flanking spike rv
f16-fw,GGCTACCGTCTCAGAACTTCTATGAACCACAGATTATCACCACA,tile 16 rv
f16-rv,GGCTACCGTCTCACTTAGCCACCTCATTCAGTCTGTC,tile 16 rv
f16v3-fw,GGCTACCGTCTCATAAGAACCTGAATGAGTCCCTGATTGACC,tile 16 3'flanking spike Fw
f17v5-rv,GGCTACCGTCTCAAGGCATTGATGCCAGAGATGTCTC,tile 17 5'flanking spike rv
f17-fw,GGCTACCGTCTCAGCCTCTGTGGTGAACATCCAGAA,tile 17 fw